customerId,title,prefix,firstName,lastName,suffix,phone,email
41b4947d-d8b2-4a51-b792-7c46f3ae26c4,Chief Integration Producer,Miss,Susanna,Johnson,III,005.293.2472 x51160,Emile85@gmail.com
236f98ad-74f3-4a04-a78b-3d96b0515d05,Internal Configuration Director,Mr.,Francesca,Treutel,IV,1-810-135-5897 x9579,Bethany_Von@hotmail.com
d442be9b-d769-4490-8921-797b82c7434c,Dynamic Data Manager,Ms.,Salvador,Mosciski,DDS,1-613-226-1969 x3800,Erick93@gmail.com
5e75d7b2-0d72-4294-acf6-4524873a9f42,National Intranet Producer,Miss,Leann,Haley,IV,601.658.2206 x96121,Odell.Pfeffer@gmail.com
0fa60e3b-97db-4c6c-ba34-4ae657f9c833,Human Infrastructure Consultant,Miss,Vicenta,Price,III,152.860.3296,Macy_Crist63@yahoo.com
81b2b1ee-4b8c-49d2-85d3-d3940070dbaf,Internal Mobility Coordinator,Ms.,Wilton,Klocko,I,1-631-933-3599,Claudine_Lynch17@hotmail.com
c1acbd9a-6433-4fca-8c13-9800545e0992,Lead Response Coordinator,Dr.,Natalia,Koch,MD,079.200.8899,Delilah.Schumm34@gmail.com
facb7f46-524b-4ca1-80e3-5270fb69a32f,International Applications Strategist,Dr.,Trinity,Jaskolski,III,1-498-701-0115 x35580,Tristin93@gmail.com
5a9102cf-8c4d-4ea1-b117-6343b18757c9,Senior Functionality Strategist,Ms.,Penelope,Mertz,DVM,207.758.4571 x944,Neha71@yahoo.com
55ecb59a-1f33-433f-b00d-2403cf1c210c,Global Data Specialist,Ms.,Celia,Ruecker,I,420.590.5914 x2630,Owen.Casper3@gmail.com
b4113bad-e3b2-4135-8a9c-3b9a9a9ce667,Regional Identity Agent,Mrs.,Jennyfer,Jacobi,PhD,446.232.0257 x985,Hyman.Crist3@hotmail.com
c48c37a6-9b8e-4712-a3d5-dec1e6ba37bb,Forward Configuration Agent,Dr.,Tom,Bayer,Jr.,(827) 796-0281 x657,Dustin.Ryan@hotmail.com
f1f12433-221b-4f20-af24-a2e4fcc13d22,Forward Communications Architect,Mrs.,Tess,Kulas,PhD,517.078.9242 x760,Alda77@gmail.com
87c1f039-d31b-486f-916f-9bab1c3bd514,Investor Creative Planner,Miss,Ashtyn,Lubowitz,II,355.383.2223 x90478,Quinten_Ritchie13@hotmail.com
eea26ed0-54c8-4b60-b170-1670c3d8ca93,Human Tactics Associate,Dr.,Kurt,Pagac,II,(694) 832-8151,Maximillia.Beahan57@gmail.com
ae4af981-bb1a-4ac9-b071-88d4b89cc895,Direct Data Agent,Dr.,Monty,Corwin,I,(487) 801-9220,Abby_Botsford@gmail.com
34fdc0e9-eddc-46f5-9222-31127963b503,Dynamic Factors Engineer,Mrs.,Summer,Terry,PhD,631.938.7595,Loraine21@hotmail.com
d6373de3-184a-480c-9557-6b29cf6f9ff9,Dynamic Optimization Producer,Miss,Dahlia,Bartell,DDS,1-214-257-5455 x580,Kitty85@gmail.com
5f335606-311e-40d2-a32c-ab03b54a14f6,Dynamic Functionality Strategist,Dr.,Mireya,Mayer,V,1-913-260-5250 x99130,Mathias.King@gmail.com
4ef5c215-c904-461d-acce-7290da240c51,Global Usability Developer,Ms.,Leatha,Smith,Sr.,1-867-321-5027 x04643,Idella.Fay63@gmail.com
cae7f9b2-f9a5-452e-b64d-393cb50676a7,Dynamic Solutions Executive,Miss,Kenton,Ortiz,Sr.,784.794.0870 x0982,Raquel7@gmail.com
9fd2165e-3fb8-4861-b7d5-3d4148aaeafc,Customer Branding Director,Ms.,Fritz,Cormier,I,1-295-803-7279,Shyanne15@gmail.com
91ec2dc5-4970-4e1a-9ddb-28b7aa91a4de,Senior Interactions Liason,Mrs.,Cathy,Braun,MD,016-540-4956,Arden.Lueilwitz@yahoo.com
7463b992-9d4f-4b0f-b271-6652032f9947,Principal Quality Architect,Miss,Fleta,Powlowski,Sr.,1-265-867-3370,Alberta30@gmail.com
54559446-ea67-42db-a953-cc3f98d0d4c8,Human Tactics Assistant,Mr.,Aletha,Simonis,I,1-442-334-8230 x1214,Jorge29@hotmail.com
a48e2be2-8c5e-4873-a9fb-0876289f2a57,Dynamic Communications Manager,Ms.,Hayden,Bednar,III,648.845.4736 x29306,Samantha.Ullrich89@gmail.com
2b35a087-5329-4fc2-a0eb-085dc4b47e98,Internal Accountability Designer,Mrs.,Devonte,Gorczany,III,(775) 831-7191,Gilberto_Robel74@gmail.com
440e3b08-821c-4701-8053-7239cd39ed4a,Customer Branding Analyst,Miss,Casimer,Leffler,IV,847-149-3593,Scotty72@hotmail.com
f865683f-2b53-4b16-b04f-a3cb5eb7381e,Customer Intranet Liason,Ms.,Alexandrine,Walter,II,(031) 772-0342 x5227,Matteo48@yahoo.com
b980ea9a-6359-4229-9bf8-79a8ea66cce3,Dynamic Configuration Coordinator,Ms.,Joannie,Mitchell,Sr.,1-449-575-0392 x07464,Clare48@gmail.com
c3fbf02f-3788-4c7a-af82-85ae4fa281b1,Product Response Assistant,Dr.,Levi,Weissnat,V,511.824.0247 x364,Felipe_Treutel39@gmail.com
435cbc92-7f48-4a37-9067-12cf334a8ada,Human Integration Director,Ms.,Jada,Fahey,I,072.286.1958 x0380,Rhiannon59@gmail.com
eb963ce4-e52b-44cf-9cd9-de02c5246e38,Internal Web Manager,Miss,Amie,D'Amore,II,882-682-1956,Norma_Grady18@hotmail.com
5e665823-38aa-41bb-9f99-138701e467e6,Regional Web Agent,Miss,Saige,Bode,PhD,439.256.1204,Shane.Ankunding@gmail.com
45ffb07d-4857-48f5-94fe-0be62b92d137,Product Solutions Agent,Mrs.,Sammy,Funk,Jr.,(828) 568-8941 x61552,Gust_Murray@hotmail.com
75053d2b-41f4-4c8f-a952-d97c83e839f6,Dynamic Data Engineer,Mrs.,Fabian,Jacobi,DVM,1-041-903-3695,Urban35@gmail.com
9c85bfc9-aba3-40d9-98a4-dbdea9f838ea,Investor Marketing Agent,Mr.,Eugenia,Cruickshank,MD,1-776-935-0942 x8303,Trevion.Funk69@hotmail.com
a072b245-996d-4c6f-b3ed-469f84b7a059,Senior Optimization Assistant,Mrs.,Kaylie,Kshlerin,MD,378.054.7418 x6334,Nia_Bartoletti31@gmail.com
34758cb3-932a-461b-abcc-b627b1f85013,International Accountability Administrator,Mr.,Rosalind,Ortiz,II,1-661-968-6736 x128,Johnny45@yahoo.com
4ab462d6-aad7-4572-944e-ac2745881c83,Human Branding Architect,Miss,Alva,Klocko,I,1-036-824-5214,Felipe.Harber@yahoo.com
cedad2c1-a5bc-4b6b-84f7-2977b5746e65,Chief Markets Coordinator,Mr.,Kailyn,D'Amore,V,1-023-961-2300,Gerald_Stokes@yahoo.com
779a7ef6-a0cf-41ed-91f5-6e7c3201d30a,Human Marketing Associate,Mrs.,Michele,Grady,V,(589) 233-5239 x621,Elwin.Kihn@yahoo.com
ff01d22d-92de-4fb6-9ae0-2e82ea6c320e,Regional Communications Specialist,Miss,Ashley,Bailey,V,912.936.3396 x480,Micaela_Abernathy@gmail.com
1330e538-9672-44b3-a3ce-ba3d14169d10,National Functionality Strategist,Mrs.,Alia,Morar,Jr.,1-958-622-8359,Marisa59@hotmail.com
743e3bf8-1bef-4386-ad62-1e1d8fc6f8dd,Dynamic Security Developer,Dr.,Alexandre,Crona,Sr.,623-176-8048 x6938,Jaeden89@gmail.com
d2dd76d4-1d0d-4fa1-ba0f-ba65acf314d5,Dynamic Mobility Associate,Mrs.,Sarai,Howe,IV,1-716-713-3663 x09471,Erick50@gmail.com
5166f020-4ba7-4968-9702-ce0522843294,Forward Implementation Technician,Mrs.,Johnpaul,Greenholt,DDS,637.909.2849,Kamron46@hotmail.com
8a937797-7ab5-49eb-a78a-4138d29a7704,Investor Factors Supervisor,Ms.,Brandt,Pagac,II,(067) 662-2274 x93612,Marielle71@yahoo.com
107a6a23-d934-4e7f-a1b0-502698c86b36,Forward Mobility Associate,Miss,Keira,Mosciski,III,1-449-400-9340,Gerardo7@gmail.com
f3b1cbd8-cf5e-4501-ba9f-3917a9cf664a,Lead Mobility Facilitator,Mr.,Freida,Padberg,II,1-639-938-0689 x69064,Curt_Kihn@gmail.com
fe163cbc-6545-490b-b2ed-0624d56df5c5,Internal Metrics Consultant,Miss,Trent,Thiel,I,(111) 588-7503,Halie17@gmail.com
3c6fc5fb-e7b5-446c-9b6c-3b33fc10fb96,Senior Brand Coordinator,Miss,Domenico,Lueilwitz,III,(614) 540-5535,Judah_Dickens88@hotmail.com
72eddb2a-0972-4921-968e-ba93c0b4c728,Dynamic Factors Liason,Dr.,Florian,Grady,V,175-735-2856,Eudora93@hotmail.com
3df7962b-34bc-4176-95a1-a586650d1e81,Direct Intranet Administrator,Mrs.,Johanna,Rau,DDS,405.674.5919,Heber.Dietrich28@gmail.com
6476dcbf-3ab1-412f-b923-1a79e58a3d0a,Central Program Officer,Dr.,Nils,Schowalter,MD,(520) 376-4211 x48329,Maeve18@hotmail.com
eb0928ee-a9cc-45b7-878c-76a721c17ba0,National Accounts Engineer,Miss,Ronaldo,Stark,III,(228) 318-1094 x25722,Brett_Goldner69@hotmail.com
5931d08d-0229-4fc7-b474-4a3e7d34d772,Forward Response Designer,Dr.,Golden,Reinger,II,335-029-7797 x087,Janis.Miller@hotmail.com
6f858064-b8a3-4b0a-9fb4-8f3689704423,Dynamic Intranet Architect,Dr.,Mac,Boyle,PhD,(764) 430-7922 x1678,Liza.Nienow9@yahoo.com
36d05abd-e4f0-4ea7-bd55-f3bea895a22e,Regional Communications Director,Mrs.,Halle,Gleichner,DDS,130-828-3896 x489,Gavin.Murphy30@gmail.com
b6bf446b-d7c4-487b-8f86-b958a47c5f93,Legacy Division Administrator,Mrs.,Reagan,Trantow,DVM,1-514-022-8563,Lucas_Collier27@yahoo.com
28634274-276e-4cde-a8df-e7710802377e,National Response Developer,Mr.,Alexander,Schroeder,Sr.,394.749.1572,Natalie.Hegmann69@gmail.com
86b1aa36-df6b-4cbc-b7cc-37f5e5fa9d78,Future Marketing Architect,Miss,Jonathan,Mills,I,297-545-0741 x002,Cristina63@gmail.com
1ef94a6f-426c-4e2f-a5a0-ca389cc29006,Central Web Facilitator,Miss,Shaun,Paucek,DVM,(481) 546-8473,Enrique.Rippin87@gmail.com
d4cff154-1277-4803-936b-8420bf0f871e,Dynamic Branding Representative,Ms.,Rodrick,Olson,III,(665) 401-1377 x4205,Leora_Koss@gmail.com
1ce8ab7e-2016-4a52-b960-97c0a44029a3,Internal Functionality Assistant,Mrs.,Kenyon,Beahan,II,1-867-262-5840 x7546,Maurice.Kihn67@yahoo.com
1417c28c-4370-4b04-b5a6-1371ef0da247,Central Security Coordinator,Mr.,Jaqueline,Schroeder,V,(482) 599-4595,Fannie.Fritsch@hotmail.com
e115456a-1ff2-42a9-b315-5a32e7e45084,Lead Configuration Agent,Mr.,Giovani,Jast,II,253-728-5433 x90648,Glenna57@gmail.com
3d1d7562-b472-4e17-99d6-601d4377b913,Investor Operations Representative,Dr.,Rasheed,Langworth,MD,977.398.0008,Jimmy.Kemmer23@yahoo.com
22666035-6c91-41f4-a3fd-14b16dc35e11,Forward Research Representative,Mr.,Ella,Volkman,Jr.,1-558-448-9897 x493,Skye59@gmail.com
0cc9c71b-cfa1-4e7f-8954-0aaec6ea9479,Future Accounts Supervisor,Mr.,Maryse,Ernser,V,(092) 409-8179,Albertha_Morar@hotmail.com
c19d41cf-ff38-420a-975d-4eb9e1e4e1e9,District Intranet Liason,Mr.,Colten,Lebsack,V,1-224-583-7335,Armando.Lindgren@gmail.com
b268908f-9872-45ab-adc2-14ec1969e438,National Assurance Specialist,Ms.,Sibyl,Hoeger,DVM,(085) 064-8533 x10719,Lucienne_Gerlach4@hotmail.com
85957d10-9de2-4d1f-a19f-72232bf47e63,Direct Factors Administrator,Mrs.,Bertram,Strosin,V,1-274-082-5474 x144,Adalberto0@yahoo.com
00e75c5b-cfbd-44ba-b433-39475258d17c,Internal Communications Administrator,Ms.,Kolby,Mitchell,Sr.,1-797-054-1841,Alba.Waters@hotmail.com
b05556c5-ccac-4cb3-995d-41bab9dae255,Forward Accountability Executive,Ms.,Edmund,Hartmann,Jr.,798-352-8036,Keanu.Ratke47@gmail.com
8dccce27-8268-4b9a-b451-cd435f420829,Corporate Configuration Executive,Mr.,Shyanne,Brown,I,(346) 293-0840,Retha19@yahoo.com
2254a625-ca08-459d-a649-43c3345986ee,Forward Brand Liason,Dr.,Kaylee,Dibbert,DVM,1-728-616-1409,Ted.Ward@gmail.com
2cb2c61d-b4a0-455a-910b-42f573c73d66,Principal Web Liason,Miss,Collin,Bradtke,I,811.203.1544 x2897,Giovanny.Olson99@yahoo.com
6df17e3d-2bff-4f00-8c89-e87b362fe3b6,Internal Group Consultant,Mrs.,Sean,Dicki,I,948.736.5927 x738,Casimir8@hotmail.com
2c005d25-60e8-419b-927c-a352f66966f7,National Usability Specialist,Ms.,Rosetta,Hegmann,PhD,1-139-328-5226,Casey.Kunde@yahoo.com
17c0e8f6-91d6-4b9c-889a-3d2db645292f,Dynamic Research Representative,Mr.,Bridget,Parker,I,692-851-3809 x32835,Romaine.Leuschke74@hotmail.com
a2ac7d7f-4ec8-4ae6-b482-6778504730b1,Dynamic Program Planner,Mrs.,Javon,Graham,V,114.902.8969 x68581,Maiya_Littel@hotmail.com
5361ba2d-69a9-498d-8667-31fb0930862c,Internal Accountability Coordinator,Miss,Dayton,Crona,V,097.405.6238 x3776,Shyann_OReilly21@gmail.com
b996ac1d-6890-448d-a22d-c98d2eec7554,Direct Marketing Director,Miss,Hermann,Nitzsche,Jr.,1-819-024-4826,Kaitlyn.Willms@gmail.com
e46ee28a-ab01-4e40-8102-52186c72c99e,District Division Engineer,Miss,Angie,Anderson,V,(025) 515-6316 x69421,Carleton.Lowe77@hotmail.com
4f4d6932-5b4d-4f6f-a853-1f29d99ae703,Product Identity Manager,Miss,Geraldine,Johnson,PhD,070-503-3053,Norval59@hotmail.com
55da8d68-d108-42fa-9438-5b1207e71986,Dynamic Assurance Manager,Miss,Magnolia,Heller,Sr.,(462) 747-2654 x0429,Leatha19@hotmail.com
db7b7410-b3bd-478d-8304-d3eda1789b9d,National Assurance Representative,Mr.,Kristina,Reichert,PhD,969.710.1682 x41674,Dominic_Rowe53@hotmail.com
1b5c8298-de17-4074-81f2-69a594270ed1,Chief Directives Executive,Miss,Ole,Fritsch,DDS,(542) 129-8357 x397,Sylvan27@gmail.com
1ab2e0d4-3e71-4a9e-bf6f-4487635fab2f,Senior Accounts Officer,Ms.,Mariane,Heller,MD,1-293-986-2565 x379,Jackson.Stanton@hotmail.com
7d392b26-685b-4996-b886-3f4132bf8b9e,Internal Configuration Agent,Mrs.,Clotilde,Bogan,I,1-066-344-0474 x444,Garret17@yahoo.com
7cc42a64-8a6a-4396-bd47-399792ec49ff,Central Communications Developer,Ms.,Unique,Botsford,V,(516) 023-9438,Sebastian_Sanford7@hotmail.com
c59c3158-e799-4b23-9956-e832b7929a65,Principal Tactics Architect,Mr.,Layne,Thiel,DDS,309.496.7014 x2601,Vida_Ziemann@hotmail.com
65f3fc26-5b87-4eca-a71d-d5742ea2efba,Dynamic Infrastructure Facilitator,Mr.,Garrett,Dach,Sr.,1-757-190-6237,Daija.Kautzer@gmail.com
acd7edb8-4426-4a4a-b1eb-a410ffb598d6,Investor Directives Engineer,Dr.,Michael,Gutkowski,II,1-430-142-8062,Deondre94@gmail.com
7e199751-8e92-4842-8e0f-250146d9c0a6,District Factors Designer,Dr.,Cale,Lynch,I,596-488-9504 x315,Sven_Spencer@hotmail.com
82885b1a-9d64-4fae-83a8-037af16b7e38,District Assurance Technician,Dr.,Reuben,Osinski,III,(968) 356-9919 x533,Monty25@hotmail.com
bd77fa37-b253-4ff7-9a29-3632f69a3bcc,Forward Assurance Manager,Ms.,Elody,Champlin,II,1-885-965-0243,Myrna.Leuschke55@gmail.com
d5902c2f-4e18-4e15-afe1-61a8bc40ff4e,Chief Marketing Officer,Dr.,Marilie,Keeling,Sr.,424.811.4938 x62861,Leonel_Nicolas82@yahoo.com
d2d92a0c-949a-457c-8890-0baf318800f6,International Accounts Planner,Miss,Joanny,King,DDS,884.590.9325 x8149,Vilma_Berge42@yahoo.com
